sample_id,PC_gen_1,PC_gen_2,PC_gen_3,PC_gen_4,PC_gen_5
sample_1,0.025096166486411442,-1.7340243188610678,1.113285496824393,-1.184257871870799,-0.5742836474986731
sample_2,-0.08900261981744906,0.5261685119936763,0.34254239388967644,0.2251840315088423,-0.3302715306118617
sample_3,0.5662757962977216,-0.6314865953271566,-0.5918359959054007,0.1670414215652572,0.27146089446663635
sample_4,0.05830683132859371,-0.35684076243058915,1.3864109850007185,-1.4841717087559614,-0.5962407554270597
sample_5,-0.4175317073985426,-1.1876373348148215,0.20148944535142804,1.1117143466397112,-0.5124801934039551
sample_6,0.3106377658011099,0.5738983036377485,0.2833329219004591,0.651196753205155,0.8041327045379827
sample_7,0.16754381256381878,0.13035724080597122,0.849065742788381,0.09112389043898622,-0.09606744319272487
sample_8,1.2666796566289131,1.2279304225516103,-0.3443060852148524,0.8808256110307204,-0.3146844780534508
sample_9,0.9441784152222694,-0.5336838365956666,0.19679877294308595,-0.7892028220488447,0.5833455190168935
sample_10,1.2819455346179731,-0.6868907589884317,-0.18990417508848723,-0.2359578932952071,0.07430707775189638
sample_11,0.7026920029517982,-0.09262372504370886,0.729953813433382,-0.21992194661096087,-1.98484270441337
sample_12,-1.3635909369914043,-0.040608707414590994,-0.4906920088024038,0.14096507294359334,0.6462434356713047
sample_13,-0.4639273487507457,-0.34796786992934264,0.20128859141594357,0.07425138664334746,-0.6712224388744308
sample_14,0.30292342033645314,-0.7869579160117011,1.0255175342648724,-0.10770729089882158,0.7753506768416023
sample_15,-1.6961176719154296,0.9569277279975663,-0.5228545527374453,0.07030495646660578,0.4420171458474724
sample_16,-1.0748275777111056,1.448833859770117,0.08114555873414431,-0.31739212047831783,-0.8764796281202971
sample_17,0.6048575586946735,1.0158829899744253,-0.9339538909131866,-0.44142477649263195,-0.9240701944421628
sample_18,-0.5736425871845555,-1.420359778084686,0.4013736663849322,-0.4123719021193729,0.35751023265787873
sample_19,0.43483211474359545,0.4488065911621555,0.38618778987019103,1.3831604229973649,-1.671764922547194
sample_20,0.2025229960515048,0.11704109232516624,0.32419228030437164,0.10306197274436973,-0.64772804173828
sample_21,-1.1896624745070072,-0.6079013163068584,-0.7283883513294549,0.4151630856601138,-1.4415813233773669
sample_22,-0.21843613218000124,1.4473253536765687,-1.2433080313979397,-0.4118953720735804,0.5812333929037363
sample_23,-0.2542172304819501,-0.09439808951496098,-0.16377359611552356,0.16907240769532011,0.12697948730684838
sample_24,0.04294867581607309,-0.07103359849323343,0.9908107873759616,0.5253256052398159,-0.7089647531095163
sample_25,-0.6425089253354567,0.7715231893532333,1.2041580627151414,-0.55068783165035,0.3097560642065573
sample_26,1.461858048978027,-0.18492408029320018,0.6980121559283344,0.6444952007547089,-0.8202377208756853
sample_27,-1.6110957708188578,-0.29048008138667575,0.7564398350428961,1.1755600310125176,0.16539636958630188
sample_28,0.1457151079500465,-0.18019024838034303,0.5246962769701482,0.2312039120926896,0.034949422928699736
sample_29,-0.5652988507950082,0.4662062956972739,-0.5594457351290358,0.07159550167629342,-0.8316587116985698
sample_30,0.24968892919121272,2.1407094011459407,-0.4105407789449331,0.61875139415146,1.1312288211293384
sample_31,0.4923400870376184,0.5012465488766187,1.4797739630843054,0.9578366909806693,2.1420029825679032
sample_32,0.3114516936477841,-0.27699429708867124,0.5447398016621321,-0.5506778846083125,0.6254462544184833
sample_33,-0.8078983942922106,-0.22529958803371442,-1.2116105692796584,-0.8765988923031584,0.3274783622769689
sample_34,-0.5443263642286483,-0.26712345551172617,-0.4938584283989276,-0.5453787078386673,0.725110046941402
sample_35,-0.8964813540601736,-1.0940116812979381,0.49024535746349845,0.04656815039411916,-0.1598768256797095
sample_36,0.427277296198294,1.3082535313584733,-0.7024148372612857,0.8016071720610716,-1.256774411234189
sample_37,-0.42121802177660517,0.5548977821562062,0.2175646236008611,0.858102966690826,0.8297616619366102
sample_38,1.118926881271963,-0.9717187010225026,0.05999925857875216,-1.3855351954231805,0.4890279633437913
sample_39,-0.6445832844498337,0.5338901425088358,0.8270690341965018,-0.4181719663273208,-0.1168261106388454
sample_40,-0.2500862724840567,0.387035679869143,-0.5349975181787601,0.4480075203634066,1.2517197744014652
sample_41,-0.589267153994487,0.18564007366112978,-0.6035890726545352,0.42501628328062985,-0.12979944210361172
sample_42,-1.419829553999599,-0.8834387301775517,0.2397139105285293,-0.30218622087834274,1.1911885196841119
sample_43,0.32460352139869997,-0.9215336151937482,-1.3033305371343655,-0.4315539050677501,0.1613461219615594
sample_44,-0.30924000366842874,-0.09584198671258426,-0.3831106944582947,0.1800995664478175,0.7209575754837045
sample_45,-0.4025735490286887,-0.43345876391130644,0.5625248757428042,-0.41641885498052195,-0.6043549330749871
sample_46,0.17033013935321417,0.04385493845391564,0.14562538789087914,1.015393944591752,-1.0121261945634412
sample_47,0.31330542857514243,0.7146741886182946,-0.6916145495075514,0.18752732545882816,0.20897908919281738
sample_48,0.844761705160492,0.45601491085960144,0.38390051376733925,-0.09422045714353328,0.8847278721248728
sample_49,-0.07365426201378322,-0.5025460986562225,0.4912043370302005,0.9598787550103118,0.6855152496148051
sample_50,0.12576832733353305,0.24190704246957906,0.9594990194956534,-0.7056501073721317,-0.28272553844141335
sample_51,0.8968361622759506,-0.47418648971271415,0.8294329515901864,0.5411574038275573,-0.13924916411871535
sample_52,0.314336528272898,-0.4404774745141211,-1.1183993594208015,-0.2593745192221374,-0.713099954285226
sample_53,-0.9774489842478752,1.2610352215654514,1.079374029456519,0.4750250027536726,0.8461143881712172
sample_54,0.3834829176978991,0.5741463350361302,0.9187393571858562,-0.4020288086923711,-0.3100016559863089
sample_55,-0.7138746393407854,-0.41089278429639076,-0.8431126326854244,-1.3533507912134166,-0.04018660882840219
sample_56,0.1383995704357352,1.6723653715249043,-0.03311638660727334,1.1349045447583388,1.4286708756216437
sample_57,-0.7294107167218687,-1.0194255468245437,-0.7066419996442068,0.38282963196618697,0.17067205601756907
sample_58,-1.0756453210358683,-0.3598383808465974,-0.5887692714464463,0.05535932428249418,-0.09700460462854754
sample_59,-0.17307496639816544,-0.02624307423019201,1.985321763677323,-0.6962811721796845,-1.1083514267201453
sample_60,-0.040602621028862695,0.39588545998334257,-0.02216121054766662,-0.5802181045989762,1.1786644937559116
sample_61,0.16232509644441795,-0.0754737554385323,-0.2678337653475269,-0.5528660210276187,-2.088099965002112
sample_62,-0.9174769801587973,-0.4724680027050495,-0.9230903600401257,-1.0562354467849409,-0.7024190111132926
sample_63,0.04762700389212493,-0.11158278329457072,0.6316233595161788,-0.03450424385041473,0.38716904404089525
sample_64,0.24072920299460893,-0.4527753776833718,-0.6250439474585272,0.08097257896837068,0.9992570909130676
sample_65,-0.457760186468669,0.6182992865847758,0.6880891094637951,0.1434888896253918,0.06399430647997661
sample_66,-1.3290765036752483,0.82906203227191,0.456047917782461,-0.055919275417824266,-0.8065488575131325
sample_67,0.895399632081274,0.17526152524138416,-0.4487723206776415,0.6294276621077917,0.15519302483997932
sample_68,1.0225313623706853,0.21765591304910714,0.8753267056165113,-0.9850264514786278,-0.7554206903694296
sample_69,-1.4128782743244854,0.7319855017613541,-0.2337264755798686,0.45126775901017996,-0.8722567276198989
sample_70,-1.1224359446673575,-0.35687769016010856,0.7483607742438403,-0.11668175055371977,1.253675425732419
sample_71,-0.8065317888871585,0.2816030668768035,0.23729752922052477,0.3380650554586368,0.49165225963797865
sample_72,-1.7531851122335969,-0.6815213708593968,0.874001975868944,0.18875027666622374,-0.5628153702480495
sample_73,0.7397536463938953,-0.4831772249768359,0.748099757685184,-0.6608408125954668,-0.19171379852038412
sample_74,-0.3668402054937234,0.3291068961082888,-0.8132642617604933,0.23770148119230933,-0.7992038636014587
sample_75,1.2341734778973306,-0.24990289971118024,-0.4933736097406023,0.17204915874969368,0.3831579092588566
sample_76,-1.470727543865201,1.0502983096438976,0.7216015115335475,0.8349000256302823,-0.3438695228864411
sample_77,1.1802726549173734,-0.04812525055898986,-1.0892144962028982,-0.7142041943432016,-0.03376762397629929
sample_78,-0.9478129012704094,-0.3555940446226281,1.5830870589378128,-0.8717801735901359,-0.5746248562173006
sample_79,1.1802857185149849,-1.6749330262185054,0.6035517872592865,0.696726905871839,-0.4816577571808397
sample_80,1.1771563205099733,1.0257530696264094,-0.1422697040887939,0.6494718888507964,0.41715112972895474
sample_81,-1.0165153780280396,0.4957324862336676,-1.3036535610801645,-1.0262068077742634,-1.0147459475820026
sample_82,-1.301418379469585,1.1232998849688165,1.855110518537516,0.24803242660203167,1.8167493653884097
sample_83,0.06640781651295913,1.2719191837316406,-0.5241354468942394,-0.4709175488808615,-0.11224605748005267
sample_84,-0.6271202573931,0.8633289177545453,1.0982841442511821,0.7278508634912939,1.9752744682041021
sample_85,-0.08685430605052047,-0.6461385998006163,0.1319689020047055,0.7644248293635354,-0.5662113952804947
sample_86,-0.17006573588560192,0.6047001297150165,0.12216791564256746,-1.3226915078221624,1.757478496898633
sample_87,0.04377080698510594,-0.564761650044633,-0.7364422380618016,-1.1052480937102664,1.0854216777673606
sample_88,1.1152189507609918,-0.6913043840266309,-0.6106582000378853,0.18973729619994467,0.354757325979421
sample_89,1.22973237467973,0.665554161527355,-0.5686154418980598,-0.8045794877418793,-1.0599991885081474
sample_90,0.02718757989042231,-0.28924181323821807,-0.25568599014801097,0.4713732300812727,-0.09176109441166047
sample_91,-1.9359309632740649,1.1983611973126624,-0.7357988210716271,-0.9743653186152412,-0.12638885170485747
sample_92,-0.1582132212335322,-1.1775288145558374,0.23011254371668866,1.2776792875568959,0.04272389900666651
sample_93,0.49636970584756834,0.707542511876317,0.201063883186336,0.021373570348851567,-1.2241634547178961
sample_94,-0.9817849414443148,0.4783022918397233,-0.07647011068076681,-0.19391889992193617,0.5514075108207535
sample_95,-1.5102082211095453,-0.40744970889944643,-1.425742706267327,1.0107815660901538,0.10556390338524757
sample_96,1.0029131295951217,0.3305204256779526,0.08630448292454834,-0.3499293490565576,1.190950754113977
sample_97,0.22434131476391245,1.2391758586082404,-0.7885709358121948,-0.16470447030548924,0.06864456243530026
sample_98,-0.21815195659628273,-0.595442029966126,-0.7297611190220268,-0.2535542156846706,-0.5462822803188859
sample_99,-0.011629063589764788,-0.19133343574949357,-0.05306492457341072,0.9445001485431772,-0.10969126946964758
sample_100,0.9404924879239391,0.6359526498644903,1.302549558670266,0.61284744967697,0.9545253079646474
sample_101,0.9338800405229631,-0.09374337395691457,-0.20516308719726695,-0.8936321158432532,0.8514872951275472
sample_102,-0.04994541262926688,0.029544043345431592,0.7253915508587405,0.16909950207402996,-0.15830211661728932
sample_103,1.1232814100869968,-0.12669554406415584,-0.2773519889326148,0.5621486220943224,0.5393143534616458
sample_104,0.6169891686029604,0.0329727402972565,0.08992290581256324,0.27342981946883377,-0.5869536456438931
sample_105,-1.0938531579133355,0.16113558047240295,-1.605185601326968,1.5561147374075905,-0.12517121794613129
sample_106,0.9911864984812423,-0.18002026808621807,1.2664274487489275,0.6623072450955816,-0.036139386532717754
sample_107,0.7953997416430499,-1.5636110645771142,0.2554118546316266,-0.7692915125380542,-0.17729816250211983
sample_108,-1.3511640775222045,0.1705010747581308,1.3306283044075973,-0.006502442186616442,0.25218465385513666
sample_109,-0.28349876018003095,-0.5310955548722676,0.09508796841539757,-0.09215641523125118,-1.2330180811759042
sample_110,1.0345269671449673,-0.7777947020156432,-0.9059825094308405,0.5769022900784047,-0.33990783984571293
sample_111,0.7799315469897494,-0.047491246924122654,0.580791981705381,-0.12114986465177757,-1.5955961106988925
sample_112,-2.2056830122182283,0.7288763476944,-1.4941205552106063,-0.5073683051092054,0.7863679225514251
sample_113,-0.7329850520645137,0.694335856360371,0.7382271575093682,-0.32463381933340596,1.3573490395947798
sample_114,0.8388537553073463,-0.2937996507768462,-0.7368640543721494,0.2475547610376067,0.8004324060255219
sample_115,1.7841097810700375,-0.192298787264788,0.03475405689367106,-0.6215329917471414,-1.3295518264410944
sample_116,-0.577882108879027,-0.21309156962229192,0.7904093536610908,0.7927465890644725,0.8296278185022599
sample_117,-1.5118745156465372,-0.43330676660836726,0.6636283578698634,-0.17919438355431516,0.3635885973509059
sample_118,-0.5005981098288536,-0.25659181056005304,-1.0704585875701507,-1.4816783270177656,0.039639986230394
sample_119,-0.7231376908481487,-0.07974965639710963,0.37801978133063596,-0.4198962504774607,-0.2862320386978684
sample_120,1.5138847319542834,1.087728234594347,-0.1543107840896496,0.5739763575104704,-0.7758450952295655
sample_121,0.5516953743594135,0.3118753223233399,0.40118295793288183,-0.5376830886837128,-0.5646608336209545
sample_122,-0.560697744223892,0.3194073981495378,-0.47606734457624034,0.20230981157798383,-0.7782354580217555
sample_123,0.6208809178772768,0.3419576464956833,-0.05843419877940048,0.6395256511360483,-0.8723530740876587
sample_124,0.3703053831289094,-0.5325260091541268,1.8338809794551403,0.5632690651249328,-0.3193732460023986
sample_125,0.055486218052073544,0.9333959801616085,0.3993193920044328,0.5957587981978734,-0.4394361765667393
sample_126,-0.3051451649211804,1.7192513903783095,-1.516485046873809,0.487002722291016,-0.8203165753175745
sample_127,-0.9257348744696662,-0.882819579592069,0.4633310231661106,-0.9416617928781117,0.6366790891164156
sample_128,-0.5871886940287842,-0.7764930201058726,0.3012292631554946,-0.6667135405020821,-0.3077385599187154
sample_129,-1.059698847475608,-1.5087191539860734,-1.391853859638868,-0.45737171400208537,0.3279686344600188
sample_130,0.5150371655973127,1.177018220576517,-0.5375308765575875,0.05469794272619727,1.0481209294380245
sample_131,1.1801514925151504,-0.12293471879905438,0.8254858715268172,1.2612526071609815,-0.9204696809607884
sample_132,1.1116599406410692,-0.9349691469926669,0.13678884163062577,-0.6387019950658697,0.48712241773070697
sample_133,0.40592556579585415,0.8541913125760257,0.7391524118963552,-0.3389001029487467,1.08318786117457
sample_134,-1.123122014480129,-0.6357861224261694,-1.0094293044817164,1.4954884761631133,1.03961963760369
sample_135,-0.8233152337756954,0.27100752784739046,0.6021216910796988,-1.171714475944215,-0.9925625059475445
sample_136,0.17985851413215836,0.6875299685641849,-0.40090963454426687,-1.0120467475817976,0.45057194591256233
sample_137,0.050625931039247174,-0.7265259551768459,-0.554417692219177,1.1306941228597507,-0.23380461712903522
sample_138,0.2678114763279793,0.048526411065941244,-0.9176759196912074,1.139458547951282,-0.5606612473735666
sample_139,0.3802778357247769,-0.8237054365972694,0.3792538075852158,-0.3559254191928678,0.8901338191451365
sample_140,0.060047975283017974,0.14876499963763767,0.6855192351952791,0.23904672949640787,0.2223929268711511
sample_141,-0.21788462225980176,0.6397731148687549,-0.04829417672410219,-1.266851935998704,-0.2583744845194784
sample_142,0.35338590483511434,-0.022052110031404837,-0.6947556228819389,-0.4896525826009357,0.6750706861934916
sample_143,-0.39010951913511416,-1.6387193536797242,-0.8999293363541656,-0.6024863369983555,0.6344445967724379
sample_144,0.15520092958892928,-1.5494949523936818,-0.3625412045560624,-0.45962732813125456,0.7021579757601171
sample_145,-0.8743588787255924,-0.8710573602590413,0.6586924650913927,-1.4299827837535364,-0.2225768551974106
sample_146,-0.12181313648647452,0.6538619546756288,0.3714683287378745,0.9581860322461977,0.3999100418795263
sample_147,-0.35157143018429604,-0.35580880806667187,-0.07235856034678012,-1.1287265292224116,-0.5099096263355587
sample_148,-1.1690379815724943,0.06848806625328607,-0.7572998736837573,-0.32470073299419505,-0.6457710683038852
sample_149,-0.0945840795740237,-1.2970213120434178,-1.2105954883040395,0.3955590852766407,-1.1267019198512318
sample_150,0.025862295577093852,-0.48347818478344196,0.4252699054037811,-0.8238369756854902,-1.1355995231091016
sample_151,0.1268190983750861,0.06517123245566314,-0.2225064603824779,-0.14256095252510792,0.20156567913881918
sample_152,0.5547150187786299,-1.4712767305127006,-0.5038164611315576,-0.0077837179431932135,1.3994966586744113
sample_153,-1.3618152986916852,-0.11350650241409854,-0.7416435200409068,-0.3345022375771459,-0.39027217901310024
sample_154,0.15412771518017954,1.3264915491799174,1.0921233368242853,0.34535564549660197,-0.5160851011471035
sample_155,0.05302382783673354,1.1798836498985126,1.0184556433359073,-0.0844667436251868,-0.48116690167538345
sample_156,-0.8815526438877893,-0.4651281674447793,0.4002196272950843,-0.5362687901183386,-0.3838897506139507
sample_157,-0.0739928538837813,-0.8254657566483813,-0.5666366451592881,-0.7762757672402214,0.6164017442286032
sample_158,-1.0693665377033952,-0.02467142433436098,-0.5124087973994953,-0.6477535888284257,-0.39819166543159534
sample_159,-0.464153436262163,1.5189949047630757,-0.19086157353369593,-0.35698116108827904,0.15027500622729661
sample_160,0.49048299698133446,-0.04143908825030185,0.7273577134823842,1.1621927604051914,1.3885512553566473
sample_161,-0.12030361316094762,0.2296779439206068,0.19088601667606692,-1.1361808500327644,-1.3359778906505655
sample_162,-0.38670690501459626,0.23163857820755007,-1.2580520317897765,0.8449577775760282,-0.8915849811850614
sample_163,-0.48716797453024674,0.2607926925593942,0.36012223548439476,-0.08458973543182474,1.1828669941093404
sample_164,0.48048489965191643,-0.22689594033250216,0.164029447111729,0.5577605586276222,-0.6441897122647342
sample_165,-0.3425673191855192,0.6706705110959537,1.0947950267739888,-0.4703758157459896,-0.6689083961552849
sample_166,-0.47488059532634586,-0.4060391234964236,0.609040018730616,-0.24320319630626022,-0.4269500776262358
sample_167,0.45062237975748987,0.4997748014343626,-0.8958001336529355,1.161074183882108,-0.43135011075969026
sample_168,-0.6415855846769535,-0.5254025260327172,-0.6405856239322956,-0.9660102161319915,0.20423701732427846
sample_169,1.0354442485588438,-1.2118538437197117,0.5053351092469753,0.024583817978445388,0.6700687075016818
sample_170,-0.14984056276505742,-0.5744892538427955,0.996530461129777,-0.21076896583368476,-0.7994351322375668
sample_171,-1.394937145836689,0.5936193472118318,1.2927643488696186,-1.4979309643249015,-0.14485703163726105
sample_172,0.6705017583364138,0.04159009939744718,0.07760591362108316,0.3333745178108826,0.6384693916814144
sample_173,-0.19195677801577204,1.1340893774876544,-0.29221510715414645,0.5331603493080788,-0.08397685184015902
sample_174,-0.283644540874486,-1.3381740175560461,-0.6065100131872836,1.517640368687941,0.4909507176956369
sample_175,-0.7282288328708996,0.36373731355357153,0.7196130253709154,0.4549351274752275,0.049327308370434975
sample_176,0.6223882103390306,-0.9581141778949683,-0.29057123895763015,-0.5820062755397051,0.1714063133483521
sample_177,0.3010696847827312,-0.9827550835070891,0.30840532813386756,0.7903217539332719,-0.9904470227068988
sample_178,-0.7555377115044174,-1.4319293824736494,0.5423019724133408,0.4763797056949736,0.3832459398425423
sample_179,1.027264323401109,0.8437964333176087,0.09602558704568182,-0.06545612930302613,-0.930500661275224
sample_180,-1.7356985047506401,-1.002193644918598,0.17678426768644834,1.4192368749091822,0.8631695698726514
sample_181,0.20671487074875516,0.7599142308754874,-0.059778787813317025,-0.5015637696375371,0.7640187193916033
sample_182,0.9326094866928832,-0.41058992640845243,-1.6254104207015219,-1.1982386845824171,1.3233257910310066
sample_183,0.7344385082537344,0.11161174686145603,-0.6947415760174778,-1.4567230325096363,-0.6868104162756128
sample_184,-0.05054363502476544,0.1911767525940401,-1.2991190088943896,-0.8036664935633362,0.3833827675616901
sample_185,2.305996515720319,0.48732796479861773,0.7475202457606207,-0.2669620970065241,-0.04319641757030823
sample_186,0.15667393419408226,-0.5980062577422379,0.8334928370037546,0.29260791338575337,0.34874623151341444
sample_187,1.021653820657758,-1.5603744296348585,0.3610310583014178,-0.23805624049532106,1.079831197170139
sample_188,0.9223016554021464,-0.10209285169290028,-0.2285439028373789,0.28242614332129096,0.4731386666971078
sample_189,0.9938519261421336,0.22213544418373576,0.4453544216043277,-1.0298993365780242,-0.0978888701491396
sample_190,0.7426595856280416,-1.1953413604992966,0.5746361566079444,-0.18072461177796334,0.43003326209293813
sample_191,-0.6691475634195131,-0.3094566460016011,0.13017999399293395,-0.31694307958527784,1.4095239208300498
sample_192,-1.1987775089829635,0.5680766566658433,-0.029597549221471064,1.0356645786028986,-0.9151570979420331
sample_193,-0.8159670032943146,0.2631975469486616,0.004229606655215767,-1.0740616463314048,-0.5962292791798166
sample_194,1.4659651681886334,1.161658083682933,-0.8462001625067102,0.5235662491839455,0.11532487008279968
sample_195,1.6520279577632886,0.4891217533956296,0.3911624793697858,-0.69698852632462,-1.080486139080179
sample_196,0.4166609903434523,-1.3605297470603088,1.8041333742100387,-1.6429699231493948,0.9960036939754322
sample_197,-0.2526982158524326,-0.004641371061793409,0.5370551584121411,0.33999069471985294,1.4166605892463775
sample_198,0.12745347911335092,-0.09115938253189804,0.5019372754796048,1.1378622396130251,0.21172626200029776
sample_199,0.104947710858037,0.21562165782233045,0.22614278898429763,0.1529876869897952,-0.3905615729823105
sample_200,-0.2163744976544435,-0.6435689504114612,-0.9772218345633326,-0.7006941318105853,0.545855132803456
sample_201,0.3542492308606991,1.919618963151474,0.17325486681656793,0.49627214782286105,0.705862192296453
sample_202,-0.6791398844270761,0.22174856633816364,-0.287531574929338,-0.1820551221412478,0.3403502967419674
sample_203,0.15133539197845047,0.5179772424903557,-0.98214396014295,0.1644590820668766,0.1824846042959184
sample_204,-0.45722599695624655,0.8988447243606847,0.6562834786564424,1.3838071605173003,0.6160709902394008
sample_205,-0.3458039927377924,1.620808840316935,0.3022447949223942,0.6525250469575326,-0.6657785003074064
sample_206,2.4380407649244176,-0.610580342821848,-0.19735425754911584,-1.0456888466263579,-0.08143054873840849
sample_207,1.1202581090089652,0.4872047309540133,-0.24551056052424813,-0.18069233177710203,-0.5260709800006996
sample_208,0.1478386596730168,-0.10518735348672603,-0.3542173893595776,0.852762520570346,0.2397730393166524
sample_209,1.2352731899928826,0.7532680627786301,-1.480242862661049,0.7924052717917043,-0.6228698927486678
sample_210,1.3119073619570853,1.0097452717606905,-1.0613578872176876,0.5113082269013616,-0.54160394342884
sample_211,0.5455864353318595,-0.5693907061335867,0.6827061502547803,0.27936266325613685,0.6437720639505264
sample_212,-0.865206552066846,0.6491566468917083,-2.301163115049234,0.9689224659923386,0.2880020243272725
sample_213,-0.6792724755679035,-0.47182560111574595,-0.6451516267131137,1.458979440162167,0.11271734082418539
sample_214,-0.08848702499706673,0.07823928483225617,0.48086353615568567,0.6114584976443502,-0.9539620137096224
sample_215,-0.8611343027571111,-0.11670083590002034,1.4659735935995362,-0.5690069103028776,-0.3377445983180134
sample_216,-0.45464033953337724,-2.4376688860628115,0.20670839416239817,-0.3768939288396361,-0.2318517734131335
sample_217,-0.938024276013972,1.3174256426516169,-0.15618108130314212,-0.3919816758017802,1.1350249128677
sample_218,-0.12175391212417142,-0.8455770265612627,-1.3918029963917091,0.2260034394729727,-0.847152292732765
sample_219,0.6621525385329281,1.0005118917645375,-0.5500959353869004,0.3100373338962155,1.1447313712156237
sample_220,1.0466365793335424,0.5456735446482606,0.5517734993334628,-0.955239581798572,-0.4057397628761191
sample_221,-0.07043511822486181,0.4353372550277208,-0.09404299329055343,0.3289297987637278,-0.3244495751965599
sample_222,-0.9218102679511003,-0.31889803885042267,-0.11276323050409143,-0.3657085856171561,-0.7329249621614581
sample_223,0.06670177669518251,-1.9968011840604893,-1.4784961728058168,-0.2187038920621962,-1.3100117537735079
sample_224,0.5585389270316032,-0.8342172071908299,-1.7243014193456923,0.3822712849682764,-0.37669836373029064
sample_225,0.47633827738970025,0.5055407448095315,-0.26231465618688565,-0.23814453751169767,0.2929515218114478
sample_226,0.8135796221811176,-0.7572878345075655,-0.04077892663379168,-0.7977612014599105,-0.27949625011162027
sample_227,0.27542121735601666,0.3451074059409607,-0.20143448584611134,1.7459941102960812,-0.443651233644538
sample_228,0.8823588694706295,-1.5504054791026638,-0.7471906772177574,0.16707796633155997,0.005883139788194658
sample_229,-0.3489699782137754,-0.9667040889691716,-0.007234097591062305,1.3273194204639638,-0.6475654258444488
sample_230,-1.4728772041866471,0.8875482450932837,0.9249735763846654,0.4986255532186414,0.8168936534410831
sample_231,0.7112482546726355,-0.07709105346861134,-1.133932368556689,0.18527315750864454,-0.46144192732569367
sample_232,0.24505753378293127,-1.2537182149289012,-0.30937653259615794,-1.1553049225489476,0.6213471233558181
sample_233,-0.6162216865229665,1.213072071619978,-0.7635165745553516,0.3167024069996716,1.0711653369689422
sample_234,-0.6035591644283157,-0.2142354054504968,0.10435671873909563,-0.5056326907944446,-1.2574089927480132
sample_235,0.750267925938201,0.191840470767485,-0.3646437585423815,2.204378261564832,0.17320059436227608
sample_236,1.8149869733101935,0.5716835896527857,-0.6484610780701032,0.5487157169478898,-0.9127409175949748
sample_237,0.10323402132894877,1.2223963412510546,-1.0358222947919464,-1.31897695974221,0.6226207044322285
sample_238,0.3108791587951424,0.2390988850027036,-0.40571802479529717,-0.24861314944558266,-0.1758533368112984
sample_239,0.5415230481228278,0.05679515984823047,0.7451414944486396,-0.23635983389269632,-0.08646376737106587
sample_240,0.7830839682512065,-0.618094430149374,0.4418064614000597,-0.008247088596708418,0.3699058447531667
sample_241,-0.4777034776171257,-1.3054473866212155,0.3763152148671248,1.0189526066794756,0.2860517221589035
sample_242,-0.29888514978539216,-0.4476879232256097,1.4134275386547501,-0.4154095581437751,0.676893526780213
sample_243,0.36173649473715314,0.7462252033803718,0.6581979186992243,0.8432199856713358,-1.283152680242623
sample_244,0.8422578460474124,-1.2808036536097798,0.5810885339300176,1.7099989539728755,-0.35171742708846016
sample_245,-0.0510667028267312,0.30387650452718606,-0.3320845554469771,-1.2508150206982367,1.4660970544303733
sample_246,0.5953642091746016,1.5686099872754795,0.20559596493084575,-0.7915876643599529,-0.29023771682866817
sample_247,0.49236275995204104,-0.652596990047498,-0.1360225868549747,-0.21119183617579174,1.594598850405539
sample_248,-0.12475899432857696,1.1749432119015106,0.1935474407875265,-0.8832936554063686,0.26433631291593274
sample_249,-0.8607896659513011,-0.9774164425450282,0.821377733477931,-1.1253769882919682,0.17423834387908366
sample_250,0.14209033880259325,-0.7269851587232867,1.2136645977667486,0.136343301564477,0.6578325202507354
sample_251,1.0068607956700644,-0.6949643072283433,0.6316389670413964,1.072421645901383,1.1730128110781288
sample_252,0.4631020213248311,0.8935984716007024,0.3411405377666441,0.4786691267535405,0.5760938030939768
sample_253,-0.9073569751126046,1.3465523963469885,0.37341694367364275,-0.5167705286028184,0.5179289099935658
sample_254,0.08029547902285827,0.15707755868123696,0.2821918898697004,-0.38100921280687605,-0.48319159992241734
sample_255,-0.5135670510202369,-0.23554882719731451,0.6238762890317007,-0.20171927631296066,-1.8439011449007021
sample_256,-0.7366813883788691,-0.041709296513689154,0.4010889111849251,-0.09826821319502582,0.0511098162538286
sample_257,-0.02414117082381162,1.0652528530830674,-0.7504620087113514,-0.539765275692566,-0.45774100413024826
sample_258,0.5594587692808947,0.9339886191416977,1.3588169830337091,0.9014240044216757,-0.634157920432237
sample_259,0.2852464650435367,1.1467526349636863,0.4876369408323505,-0.8380801830803373,0.06587415090273341
sample_260,1.0533887830605975,-0.3479980878930087,0.5029919418428748,0.07599041609751883,0.2031947789900861
sample_261,-0.8962314730031243,0.6119205040342626,-0.5482330110812195,-0.31836703742911493,0.2836029686796
sample_262,0.08755879785479792,-1.2556838921105733,-0.22797528269713607,1.2161966975827538,0.34768095172957725
sample_263,1.4270788070771894,1.7858845746503804,2.1921457823861252,0.7477059117186873,0.8188688467630274
sample_264,-1.1741969283172664,0.8585645347099995,-0.548466723792467,-0.07315548901613544,0.03766311990214777
sample_265,-0.12666046150316224,-0.2832239233543127,-0.8823364281683412,0.3595700157700776,-1.052057664409272
sample_266,0.48870600958787835,0.8553104300594583,-0.10383905485074252,0.697497296099304,-0.17286841075473192
sample_267,1.3725713174594794,0.19252918273350306,1.1904239363726372,-0.8372685233297481,-0.329890370511126
sample_268,-0.2544820533130131,0.1640556027747334,-1.5595689663512229,-0.03144645857191386,-0.06340427769314816
sample_269,0.25271729280242783,0.011055284095100149,0.2005380839546706,-0.2929697032924413,-0.2558880224004178
sample_270,-0.2968092591429725,0.5672201794213894,0.5571540852567778,-0.5178500170182823,-0.9687180062664472
sample_271,0.24902697887687725,1.2262198016055554,0.8378558180750926,0.39489912006768374,0.6967866783764032
sample_272,-0.48260042924850655,0.2805784521797112,-0.010468341926462177,-0.809418818716918,0.6699593549263934
sample_273,0.37723764935710996,-1.4445221073410088,0.5073533591138906,0.08925353463259761,0.8936521687486676
sample_274,0.22029640930248118,0.7598058215840207,0.5561699792632777,0.27447765044787115,-0.4693928492736563
sample_275,-1.247722578365165,0.037639712916080814,-0.08671787513887819,0.7323905784506692,-0.8338736074374389
sample_276,0.21432744317153057,0.6698650950621856,0.08309838738030506,-0.3919522046556651,-0.40792214859196696
sample_277,-0.15345866201262293,-0.6726370581033406,-0.16501757721242227,0.41586107503309283,0.25242302083077295
sample_278,-0.0022200537280151478,-0.3044065257396766,0.041785298676936256,-0.7757058778334185,-0.4952041275024812
sample_279,-1.3084907216767157,0.34188035518337023,0.6996181268191605,-0.6705174936015263,1.4791219986109614
sample_280,-0.3649039176600939,-0.44820655800923126,0.547259186552586,-0.24416216947505637,-0.6853913327954892
sample_281,-0.6881185147149508,0.043730588892686884,-1.0053246557678803,1.0403503186135805,0.821688845414501
sample_282,-1.2898189649190255,0.4557205671397424,-1.0742057790341326,1.0081249532728183,-1.3307526109378522
sample_283,-0.38242297210277687,-1.786934767025208,0.09396429617737856,0.146541043094149,-0.13859353430358523
sample_284,0.34271850407801924,0.7087920651516277,-0.09875192991227089,-0.7226480410804279,1.0175779439909725
sample_285,0.5450623278506896,-0.381480050558521,-0.7888510995385738,0.5139410955672481,-0.63783336545102
sample_286,0.6194557841359212,-0.24600270986093548,-0.9735340757041808,0.37179205766903395,-0.0074001116771265085
sample_287,0.9989441603851702,0.18316925411999885,-0.27259009914204935,-0.035002884823659874,0.8977007233486078
sample_288,-1.8317451950609636,0.4544206137279103,-0.1780950365394034,-0.6184071754850378,0.9567572769726809
sample_289,0.3894282776720699,-0.07195561501134151,-0.5539578441920823,-0.7632164574341691,-0.11879920060529292
sample_290,1.0069122915452304,1.0726796934608347,-1.4638377522958714,0.23883404191626295,0.01798198418857655
sample_291,-0.3243377855121189,0.33154758316108146,1.7323109462712492,0.6636901582970256,0.7022326715969749
sample_292,0.4021658986330887,-0.08583513072486548,0.9468462813793612,-0.32235821882477167,-0.8241682425828422
sample_293,1.2641254926051,-0.3523639279009869,0.3599159195896255,0.5161050219085876,-1.784639075218426
sample_294,0.029352750593040877,-0.10172254048578178,0.9060845059076581,-0.7682654099140959,-1.0540105324462699
sample_295,-0.1243963911559759,1.3051998648367085,1.5823970930892162,-1.0374829704767483,0.6434876529778786
sample_296,0.07585550548219822,-1.3771533889667298,0.6842665672986057,0.176671165739614,0.41102427983442635
sample_297,0.04125700214674455,-0.025349466217442163,0.02752899188734681,-0.10948537174596001,0.0973090806705279
sample_298,-0.07045015515500153,1.8915178561142447,0.6446314790214007,-0.7453090898778496,-0.5338575792252912
sample_299,-0.7251627481161215,0.6757001937061364,0.9004434406578001,0.6951707472590489,0.1356375798136391
sample_300,1.3336590470183616,-0.41131243181311733,-0.621093498678233,-0.016921801539997006,0.7648809110967216
sample_301,-1.1160768650157524,-0.010037481316773289,1.2750452714147023,0.5332001440563401,-0.9160735729897722
sample_302,-0.7008886996837443,0.9113165989127954,-1.2176217744058468,0.4643562312459017,0.1472535406996638
sample_303,0.7287672109803073,1.4660311295518058,0.20180569764990108,-0.14597499739788516,-0.6149374237526242
sample_304,0.42908572853637783,0.37745914485921195,-0.18487941182560153,-1.2019995030483048,1.2102774116201869
sample_305,-0.27150481820626815,0.9044858894430892,-0.6443802199333726,-0.12969174327474597,0.8910526753851806
sample_306,0.3445143637826026,-1.3546766194971815,0.1022718151360743,1.0354654128529954,-0.5096927831890198
sample_307,0.9907703105515525,-1.5399949992113666,0.6612628812362752,0.415980644353578,0.279651876852564
sample_308,0.49922038506261646,-1.2801514611713198,-0.9108715153205815,0.1697434985373782,-0.3281912097744224
sample_309,-1.0121329653475688,-0.6958440163250534,1.3682640490470268,0.6886805861595389,0.6702335052024688
sample_310,-0.4212683452863003,0.26732126642605203,-1.7447621948194574,0.5815372900715452,-0.37068263433923687
sample_311,-0.040056947333568016,-0.19957706763807637,-0.09180859997239776,-0.09956858986937794,-0.1133044888774174
sample_312,-0.16680857898047208,-1.1966572012058705,0.9707160685287757,1.6189806746389293,0.6668321214562221
sample_313,-0.12769394377724885,0.820920032214161,-0.16051282682976142,0.6670301980995004,-0.2411598024630225
sample_314,0.9163129086311899,0.07680374893022701,-1.2309107407015365,-1.277629999300121,0.3083043687275171
sample_315,-1.4118555818950456,-1.3289403375000814,-0.6765810528008118,-0.6645429775204821,-0.19843464176413061
sample_316,-0.6105989978219027,-0.03682577619160288,0.9015902559214044,0.2584606433683662,0.9239687698347958
sample_317,-0.15123921835167953,-1.0741426354475108,-0.6094497383777577,-0.2948379657714688,0.6129570219656226
sample_318,-1.3542215729894016,-0.5913386364019482,-0.11251816990092167,-0.7960095727569176,-0.09757573904825645
sample_319,1.1804096424947614,0.6825447329827383,-0.2876120064972463,0.8035140365654598,-0.017852762777490372
sample_320,0.6944426297780044,-0.5776108425832217,0.5480267971101285,-0.19698822937401667,0.15558816421715216
sample_321,0.33936190779824127,-0.5448014764603495,0.13690249512808111,-0.8554605969885531,-0.14097842325539633
sample_322,-0.4662043777199859,0.8454111079618112,-0.5026145821086354,0.16816439727789884,1.193877835980083
sample_323,-0.989897293417111,1.4787336793796717,-0.8294552715601295,-0.8208036872770799,0.3317212890713449
sample_324,-0.43387968138127053,0.14244849089866063,0.29758055806753436,-0.1866529157346417,-0.9092516956050571
sample_325,-0.7756017259101834,-0.20217695889910914,0.8445018772396932,0.7624615471595408,-1.2864123025015415
sample_326,0.8620001373975447,-0.20094899120490783,0.7538541728019312,0.37465662610930367,1.3544750772073917
sample_327,-0.2536134905486772,0.9083502381554829,0.4072979738594843,-0.8958067690390858,-0.6440259516064784
sample_328,0.14574582875740677,0.6265652763110934,-1.3159061583309288,-0.17176369279591097,-0.4372139198738222
sample_329,0.48858664830633913,-1.0910685072264588,-1.0096840196759262,-0.3873104693851188,0.2657017376082378
sample_330,-0.17400293610436435,-0.38448789747859885,0.15703408682395337,1.3706503622245998,1.4863642647734971
sample_331,1.3755283445672304,0.24546183837155033,0.1213449502952636,-0.3015884828429132,1.270861618659576
sample_332,0.3116656923639117,0.7231647056530586,-0.4602302595618657,-0.5039180274204591,0.37640159826233655
sample_333,-0.17802182578699988,-0.6589012245909001,-0.47321506550718206,0.16922869995807083,0.34455588238291623
sample_334,0.9098887745201512,1.7244938860038368,-0.6767647322024566,-0.37230254033021537,-0.4149205170662004
sample_335,0.3873023341167956,-0.3579502905357813,-1.187479220742501,-0.7441460183880102,0.2701392323948857
sample_336,-0.7250113668053405,0.643371792834031,-0.7909660332082553,-0.3209944163145883,-0.10781969172388195
sample_337,-0.8005030486845434,-0.6554660746043192,-1.3558732509314968,0.5507273978190559,1.0425121674523192
sample_338,-0.5311077590149939,0.25649377023864783,1.1731019275127945,0.11510988404766814,-0.5178981836673577
sample_339,-1.3210099569782896,-1.5351656186021518,0.3870716078905773,-0.2876470412354547,0.8295479493639994
sample_340,0.12288735477445334,-0.5081023723012629,-0.260687372306323,0.44567082411262576,-0.8741322267735994
sample_341,0.286085262232658,-0.17733490580473021,-0.2825960900773158,-0.24652620360611283,-1.6871396310115354
sample_342,-0.1474030037532641,0.16308928900194242,-0.050189567477946784,-0.1716303972175322,-0.9674011142579232
sample_343,1.2866972901746414,-0.30790983895551766,0.5363530260357555,1.1609663397474042,0.593275706218904
sample_344,-0.5043420197046576,0.07327554183888885,-1.4426192727465987,-1.0333292475840659,-0.2829165456684315
sample_345,0.0038400274635207454,0.36688718428208245,0.06099722242205152,-0.2847919672023184,-0.2856488009685081
sample_346,-0.6483391348325408,-0.5323082732952332,-0.46817317730580577,0.5666751464960118,0.15520103743994706
sample_347,-1.4901029615992263,0.5765344557360226,-0.08184146864653452,0.01659270395219148,0.11679507683678858
sample_348,0.8454405571740358,-1.6057354237293033,0.4279262818162971,0.32927070371617567,-0.55824746603991
sample_349,1.371905867690436,1.5612781051421858,-1.3210946936914556,0.11939504001662987,0.3448601670700878
sample_350,-0.20469572235150046,1.202338109708312,0.3168285144435995,-0.012794644803368893,0.2240435424582815
sample_351,-0.15324633122451936,-0.4894906804437952,0.888911160390245,-0.36323470842497624,-1.149902556713764
sample_352,0.4406339998295783,0.5717665139833636,0.33036770981382246,0.3268313423151347,-0.08950067893083724
sample_353,0.3079383169845244,0.5565911818329161,-0.7112997079661405,-1.46254252220443,1.2653620175139806
sample_354,0.7893694954053883,0.5228637340528488,0.5161585489919787,1.4467117439062132,-0.7677780709848685
sample_355,-0.687622213774909,1.104673835897671,1.3107152497861874,0.5424944816711912,0.9028549088010216
sample_356,-0.35214274561935244,-0.7357205163689973,0.2847606995262677,0.3345217236167007,0.38656152854280457
sample_357,-0.8256150121036475,-0.12140799966922677,1.1700527900790019,0.5953509367420438,-0.08363112123218364
sample_358,0.2078536976417803,1.3122695440925107,-0.007789682837972767,0.08063170314731877,0.05107558119740663
sample_359,1.30073954261964,0.6727829476972871,0.4369239094936812,0.811990175561522,0.7105617903456176
sample_360,-0.7224599647939548,-0.8186559489087334,0.33715150482046174,-1.191288891399309,0.9226091105136269
sample_361,0.2859322444676393,0.0010410843818552395,0.2877935333777576,1.6204015344868132,0.7966341232825129
sample_362,0.11997902988518971,1.187514682155651,-1.483340567557722,-1.5994708924895114,0.8935928084477709
sample_363,1.3337710230365087,-1.440778702938856,-0.796685492755975,0.3655197809691752,0.1320230526008197
sample_364,-0.3888447266921907,0.8453532824153955,-0.9236228957100276,0.1263363005469254,-0.1401927064003592
sample_365,-0.9079943907981497,0.026169643381971586,0.11169557009939118,0.6897161381807173,-1.239843358023816
sample_366,0.9495401397785983,0.47722568952740363,-0.42475708781777477,0.41608846029327756,-0.04990202479313355
sample_367,-0.6152022115538326,-1.2363044437035207,0.4964323908950191,-1.1851880858734847,-0.08673209894409839
sample_368,0.9180496951326789,-0.39177252823815134,-0.5115331913200987,-0.5992207856698737,-0.2630765242233886
sample_369,1.104942108207784,-1.71876771170996,0.02830635015518429,-0.5600000711835753,1.132095511161196
sample_370,-1.0222589720924802,1.0022391989271167,0.45785535136960065,-1.2214503940880264,0.31671240280576085
sample_371,-0.5893970890313319,1.4515430385776589,0.12240449359328087,0.6565125904055285,-0.8093681536109425
sample_372,-0.5831621472332754,0.1715288283957963,-0.3464823565534342,0.04049473361518324,0.7091883333094953
sample_373,0.8485928247323637,-1.0720304465191008,0.2662835102518077,-1.215077093551144,0.8239334335353474
sample_374,0.35138201998909857,-0.9745815233261411,0.2990401442116948,1.4687322653495358,0.6031669556017667
sample_375,0.7155932521497071,-0.06977378664510381,-0.8833129590679805,1.6385399383413146,0.3199659038678948
sample_376,0.8109553833900051,-0.30199966383862165,0.29093364692837276,0.9241585721574312,0.7320049575152259
sample_377,0.3495077825441453,0.2898856001356205,-1.5329453959527741,-0.4816506894540658,0.06935128404660917
sample_378,0.5023635227131634,-0.5294789268668948,-0.37531648882338486,0.7769092670581619,0.9874714030362297
sample_379,1.7336421132096116,0.4949587714637409,0.7431333828771588,-0.5744132936907986,0.1879552153524563
sample_380,0.07786370046745728,0.4201327033980131,-1.131281404431013,0.891952062701939,0.47209494019661236
sample_381,-0.605521057378651,-0.8653987884915642,-0.1093534496790457,1.4397505340921364,-0.8956263004932171
sample_382,-0.5358978188279581,-0.9863743614518938,-0.2001643823422038,-1.2507108573916474,-0.4939053731939136
sample_383,-0.8878424046194516,-0.37166386425407577,0.8140080156107717,0.06383920979330432,-1.4441255133445996
sample_384,-1.3680629286148225,0.38834284450188306,-0.35795574568948263,-0.770354016578278,-0.3012794593370947
sample_385,-0.9633918184980051,-0.8496699250030892,1.077498330942264,0.640383589082764,-1.6139262397405845
sample_386,-0.6929607616192891,-1.0352673542462933,1.1616806942266666,-0.014094980466815843,-0.025506258244997415
sample_387,0.8616860923377863,-1.1525033787415135,-0.025419270916783643,0.3370784781251604,0.41295226620194847
sample_388,0.9519596246667831,-0.410542703560358,-0.891027015374648,-0.23920061644437482,-0.8393807163154733
sample_389,-0.07644252863889556,0.8887934637419861,0.428968281079509,0.6659100215893716,-0.10502296031228331
sample_390,0.9795963763523117,0.38609131900412086,1.1589739545961817,0.6614185960839094,0.7586412507396081
sample_391,0.6004197696289266,0.17141845266281308,-1.548644146677835,0.5619069773377681,-0.08057047835835429
sample_392,0.36027325629418167,-0.2647550415383891,1.0653474336921518,-0.3246962377820098,-1.081164681301665
sample_393,0.4150451679984851,-1.3355546356899286,0.03835964362331867,-1.0169814946011788,1.1316171602307366
sample_394,-0.20437827386923269,0.2353337895326828,0.7298696996380922,0.12337307237001433,-0.14994548639091304
sample_395,-1.0535378027985827,-0.5880497914144192,-0.17558943290695483,0.28811549423182975,-0.34283184575692827
sample_396,-0.012875940717259615,-0.1181122232452958,0.10027903477045957,-0.23326079775072955,-0.6411249042947762
sample_397,0.6216260710084773,-2.002464477966778,0.4623666464072964,0.8691337817293288,0.30711241919931265
sample_398,-0.5061607303745702,-0.3688465012377885,0.015132845115562121,-0.338932474978217,-0.07625504352083112
sample_399,-0.664700436475031,0.6546912269575056,-0.2789755484756633,0.07678218654465735,-0.8340340311514498
sample_400,0.5629482439054918,-0.8363943606230583,-0.38902505692854017,1.172867429758597,0.5188800205008204
sample_401,-0.16746858931923592,-1.5209633611400788,0.4061971025256925,-0.10680490495330908,-0.5693643197157651
sample_402,-0.2900632945716092,1.01011273073553,0.165945557967265,0.9222178668853238,0.6267007766932209
sample_403,1.2027608673812207,-0.4346340362756747,0.3508066767655703,-0.04199257278188617,-0.17229728266572175
sample_404,-0.4518255075547567,-0.5076819918256235,-0.38032796971763094,0.5507041329378317,1.096404000848714
sample_405,-0.9667104416992917,0.5028688768946015,-0.37431750561290644,-1.365861759918103,-0.003700107190627633
sample_406,-0.628303882937706,0.5098582144567374,-1.1627959581504679,1.8901398627888613,0.48800879103554706
sample_407,-0.419455802648783,-0.07233611038651122,-0.013616119579111907,0.14818398399598148,1.2521484956730853
sample_408,-1.0894335999710636,0.4098597225106575,0.015954851653747548,-0.2117456075593635,-1.481846979659514
sample_409,0.8621894442703665,0.3322964981321237,1.0075975900950094,-1.208774159504265,-0.03992878285291901
sample_410,-0.23775425089921964,0.003220294091582643,0.5213870750435021,0.6005909879236138,0.69306064771311
sample_411,0.4014863809779056,0.8673395710700662,1.0529486496170106,-0.3950129936367729,1.5347246656234284
sample_412,-0.41861402023128547,-0.5408117427617567,-1.252362000174218,-0.11454617220386831,-1.2562533131372275
sample_413,0.19331610812671096,0.7440811231212834,-0.5086937752541973,0.7892491387025069,-0.4099238992066616
sample_414,0.27414882083136843,-0.551960776290634,-1.0423352569510806,-0.8947965329448009,0.4611698137001299
sample_415,-1.3869756845915449,-0.8600777885566968,-0.35977640932206867,0.9317446297495251,-0.324934535509389
sample_416,-0.2207478111699025,-0.7409851864403448,1.2466291748572438,1.064054925082324,-0.7328595422337579
sample_417,0.5821372654301763,0.43623202486937385,2.1155319644690906,-1.165541205488549,-0.8651452344980561
sample_418,-0.7948432725656843,1.497273370871028,-0.5350949357418178,1.5134998081863027,-0.19669235533546747
sample_419,0.2588844171710425,-1.0351206962882367,-0.2527709379512645,0.5454988846958801,-0.6325943875388282
sample_420,0.4900922618453385,-0.4442249168561621,-0.06355445160599371,0.4638509359051041,0.3836513959668122
sample_421,0.08443757769546256,0.050532223535424525,0.7962210773787632,0.8204099404841612,-1.039704341903117
sample_422,-0.4310275440912633,-0.5439424776847451,-0.17346480214211546,-0.6555540284520509,-0.06127772193244552
sample_423,0.036615901864236244,1.1455496057390027,-0.5117283358854807,1.2098128876986234,0.841566813549252
sample_424,1.271640968363243,0.012692708835251976,0.15578946071053168,-0.16121471423358152,0.6793997269753467
sample_425,-0.0017925922683850182,0.12404431900405066,-0.5209274096839371,1.6468524523173915,-0.2696437910599522
sample_426,-0.2293025150970165,0.07287202673376225,-0.320430821383174,-0.03909753557572537,-0.7946290278955002
sample_427,-0.06231642567437534,0.3371747876233997,0.3925478467724948,-1.1199688982787477,1.008303365311883
sample_428,-0.18718490775448504,0.3582568266177193,-0.9929008132824055,-1.0183323278564889,-0.24827161442641493
sample_429,-1.8834992203520473,-0.23290485903906077,-0.44443870517886386,-0.13979874641096018,-1.2154921594207269
sample_430,-0.323876900866769,-0.1280874230004282,0.5869078024783618,-1.6932903395820986,0.03708625364411833
sample_431,0.6326468562263221,0.6928218076223285,0.5365962585686145,0.11239849431781918,-0.8319006877088416
sample_432,-0.3483958003018719,0.8273345206443921,-0.40149275767565584,0.229884919204337,-0.4266995556945672
sample_433,0.510516473451073,0.0989867673073368,-0.36567278551820326,-0.16635705491836933,-1.203421378399979
sample_434,-0.06021289094846216,-0.008401817702860526,0.6754797447607229,-0.4839245453366261,0.15683600117857766
sample_435,0.38763002389285217,-1.0237338085382839,0.5816708787141496,-0.567499689394769,0.5789301113417886
sample_436,-0.6453469477257295,-1.276741785668743,0.13301583805194755,-0.7449020965452013,-1.4320840108693802
sample_437,0.037097105329389035,0.8314782144877471,0.5489733836128894,0.11184197110031174,0.146635331920012
sample_438,0.2870943991621221,-1.1367962404685406,0.14777670847313784,0.5835145796915928,-0.16243063054325318
sample_439,-0.5754829355217123,-0.4331584661939572,1.2402797061442365,0.3082854670907151,0.4053029208973953
sample_440,0.09797587677521657,0.11845022279856376,0.014333495365302706,-0.35596735430782483,-0.8104445062061321
sample_441,-0.5030055246407897,-1.0852301360225225,0.5837180156911312,0.42434670028628035,0.7183824628338504
sample_442,1.1335252352824838,0.7425910963491398,0.31883572164217744,-1.1697121617350053,0.1196871328515704
sample_443,-1.5844982667368392,-0.10458139617679385,-0.8513811502136137,0.7146654657866003,1.5068180989494093
sample_444,0.49349765973407106,0.4450696380815018,-0.4081276785448149,-0.48141593156939044,-0.775289190007963
sample_445,0.03426314642610273,-1.100001027906649,0.0766816380307428,0.7744441706059326,-1.4250147525764192
sample_446,0.49807770496989834,1.6543329964773208,-1.0983740625585048,0.23150088515653772,-0.17823871193806218
sample_447,-1.283390167680822,-0.3525853537657647,0.2610318554445582,0.34071398209140996,0.20623590637561295
sample_448,-0.6607033330412299,-0.9845407995887991,0.6871052381987366,-1.7320472040327397,-0.5184799095172065
sample_449,0.22468190430150214,-0.8872303148729682,-1.041186349367047,0.986817659867482,0.18350162079403254
sample_450,0.005004015393500705,-0.19362503881692217,-1.090604986377747,-0.29217107964594957,-1.4054904196527696
sample_451,-0.13438058119008156,-1.101492132303985,-0.39401218149478867,-0.5034335410547067,0.3926767192823928
sample_452,-0.37954397786388927,-0.4012633604306231,-0.54229916742417,0.14328315640330475,-0.8955163292613239
sample_453,0.29493372721907074,-1.0188939569556665,-1.481172491376917,0.01259997537664903,-0.6940872115488831
sample_454,-0.8361357792971628,0.9250264595303714,-1.227009294391751,0.5487939066388854,0.08482952018583034
sample_455,0.48196063548961354,0.41625571736919653,0.8502388377565289,0.9144328664873553,0.3493862725025023
sample_456,-0.36902188703159955,-0.6429303393480069,0.4248058434871914,-0.4370218139335197,0.3683927687773767
sample_457,-0.41042743360751166,0.2872552129276853,-0.7192414640574958,-0.001065155849606092,0.7094113028491953
sample_458,-1.6085484499965905,-0.04007518741146343,-0.6749774383637885,-0.540930297319554,-0.2845124327032019
sample_459,-0.7976438504050013,-0.5489289121725163,0.2823178445726552,-0.37545698924926835,0.42887884458472536
sample_460,0.9192033152975124,0.692359365624803,-0.17965074535429004,-0.32554560889413175,-0.6696872233211508
sample_461,-0.2579305776173445,0.024897328692395027,0.9301360717597988,-0.16936621761726833,-0.2760951587889344
sample_462,0.6626404240622992,-1.1241922422376727,-1.6971713695090955,-0.30908681223645784,1.0901551145233548
sample_463,0.3594499863076368,-1.2816451045072785,-0.2521838933372864,0.7366684027716255,0.6503393225531371
sample_464,0.9721811327568196,-1.449518269147542,-0.762046326439527,0.29666981349132276,0.9000296793516009
sample_465,-1.2799257872392977,-0.42728672896049347,0.2963414104560187,1.4889250380292383,0.2640530278525497
sample_466,-0.5484580577805737,0.04751753727743879,0.5288422255979797,0.2298975144840027,0.7060479895202023
sample_467,-0.4957142665269242,-0.3606259644247549,-1.365898321272229,0.14649550617571966,-0.2224978054082164
sample_468,1.7174831329544782,-0.047822484362104456,0.5899440362053384,-0.37919338844962747,0.40748175899184624
sample_469,-1.2127212292528968,-1.0602463813351555,1.2549206443030594,0.5583123231517948,0.7328181831866085
sample_470,1.119799609806684,-0.00896317513501721,-1.0064159517295792,-0.1711431267691254,0.2644730885732831
sample_471,0.03629196782653932,-0.19145005705333318,0.010010764046986753,-1.466889248425334,1.8163042250339798
sample_472,-0.18199299508911004,-0.9728892220183489,0.09420906685389602,-0.8810984248646045,0.2014545372967944
sample_473,-0.5380144570045909,-1.3619710414041504,-0.03371342340169359,0.20157055041410016,1.4329994451098382
sample_474,-1.311543278578053,0.6074950032820197,1.5854960722917757,-0.12470817813725132,-0.6566991584679774
sample_475,0.3319082546888867,-1.416992877417831,-0.08132250183557599,0.8403942967322584,-0.6465097028727984
sample_476,0.8850275805289514,-0.8874600482230918,0.32382047004925196,0.34136219372885485,1.2473634231220787
sample_477,1.6946789582000101,0.8772663902023825,0.5092427340005712,-0.8891673655948383,-0.7372516066448359
sample_478,-0.5234232122911874,-1.3280984295296396,0.2362249264096336,0.03510291217005629,-0.48492098762178887
sample_479,-0.7584619059931527,-0.1019206545288025,0.9080494263760863,1.0369211067361876,-0.7676445094761329
sample_480,-1.4735140484839477,-0.4824492099094052,0.4983204499021914,0.7024520121097324,0.05262462734631668
sample_481,-0.625526668369453,-0.8168565105819312,0.02241483707351044,1.8739875859778459,1.0768928428873978
sample_482,-0.8953626502440056,-0.5704116055586123,-0.15058491145920638,-0.5563201227065406,-1.9468605641172914
sample_483,-0.6928776479575557,-0.09176541951433181,0.03446655705357177,-1.0781582348530545,-1.3607011611644049
sample_484,1.269169419623473,1.4865503283992698,-0.34834470566792575,0.5893243225979996,-0.5694050091283589
sample_485,-0.9466612223557148,0.8789362267441312,0.5670616743943379,-0.6649176886283505,-0.03567778150774781
sample_486,-0.8866603933196632,-0.4730617262977264,0.7405223389648993,-0.4829527280918029,0.32006324248588336
sample_487,-0.4791480139464003,0.19644665864740207,-0.7796753555921294,0.7217636968641776,0.7244388297761317
sample_488,0.354807028951555,0.8361022059139551,-0.8620185408054586,0.11981159012761472,1.4285826267417947
sample_489,0.014324443567599099,-0.3187740454069252,0.10918195728357283,-0.8293461576215119,-0.28380253696714597
sample_490,2.1440729116378234,-0.005320574926990895,-0.04090343598722823,-0.953498456626427,-0.44487897726128467
sample_491,-0.7714929001762164,-1.4353658078072495,-0.8627867953207979,0.21847468157410893,0.3517617264306876
sample_492,0.6205621080160517,1.3262182991157903,0.9012775034815419,0.22022800024259664,0.10039140233431076
sample_493,-0.1907831441168808,0.4645376916210766,0.8301174404093044,-1.152163797613005,-0.704657608924911
sample_494,1.1637447620304195,-0.12641454844382294,-0.1832535198086066,0.04024685442913917,0.6715995256952858
sample_495,-0.05941894690417304,1.2261336511507566,-0.6126958333418924,-0.15581367372866062,-0.17602365144094112
sample_496,-0.041081492679460374,-0.08797860533706436,-0.5293971033860456,0.02726604759041984,0.31749674064392197
sample_497,-1.1132712561777134,1.903211469534177,0.6707884630935473,1.0851021745097322,0.5218406876336155
sample_498,0.9255385239206186,0.7132694153076327,1.211958791345663,-1.1630891467914297,0.7179232278349286
sample_499,0.0853307609266668,1.6303617534511634,1.5461016122313784,0.24279542808132332,-0.069182155870813
sample_500,0.27562693033474783,-2.063628835078152,0.026064346808910177,-0.38406589662926516,-1.1652124662934915
sample_501,-1.5496833806142112,1.117012433166451,-0.09902881646436856,-1.1308620775253966,-0.8093974087271036
sample_502,-0.4563353144722445,-0.2849583791117012,-0.017575915812434895,0.3104965981049174,0.0007831645844648127
sample_503,-0.2285862468349542,0.2346028040530328,-0.2252926161280766,-0.1947960386541926,0.4128662265521561
sample_504,-0.9352744522787272,-1.669081849026434,-0.005622329190020037,0.9550386187482278,1.1704898151742904
sample_505,0.11505321154409331,1.0696246468927377,1.2750296316883323,-0.27396984840592803,-0.8516747855285285
sample_506,-0.8764357345437724,0.29202021958326885,-0.20230245525558477,-0.7453924051849469,0.7510239393082494
sample_507,2.064809914850621,-0.9328109184188073,0.08577366395135666,0.9485569498382993,-0.6301631840738692
sample_508,0.24978052832305497,-0.23030725547102038,-0.9093441746445978,-0.9242619485742956,0.9369249338391739
sample_509,-0.5577070448354443,-0.29087469065956284,-0.20029455826750286,-0.06815708444741819,-0.6188178751385023
sample_510,1.540799892177695,-1.2756741388450998,-1.5161562925651457,0.07845480307858649,0.3209216994112807
sample_511,-0.4665036991051602,0.5020784162624263,0.2900715902017839,0.32809596867010443,0.1698432467986165
sample_512,0.20049491444085443,1.1279363081783318,-0.2510959196993372,-0.6403265983452144,-0.47059151338268834
sample_513,0.21664787256746293,0.07788062764394166,1.0341005295039385,1.1162967588929198,0.902256854942558
sample_514,0.472344495217949,0.8184819557620742,-0.4554011840268306,0.30329401711555176,-0.10226874725482982
sample_515,-0.3509612331965891,-0.6102132381225366,0.06967066545625927,0.140738690159331,0.9379987222512927
sample_516,1.9870294597578755,0.4302092982321999,0.801092983168316,-0.7971711898713933,-0.6586747594781012
sample_517,1.0978924030589605,0.8272291182927098,1.269741743515991,0.7167638911806418,-0.7177662923037879
sample_518,-0.3584551930096611,-0.05020284249957818,-0.7525534236246609,-1.4188360408208724,0.07140873545237536
sample_519,-0.7953923659413474,-0.4855138628464994,0.19547175785670645,-1.8618801715857476,0.5991965780301374
sample_520,-0.11139136969943342,-0.00605612277943679,0.24046630910002587,0.3095879709316148,-0.11037650732748416
sample_521,-0.7156824132329943,-1.0305494652900111,2.001715099984999,-0.18650036840680573,0.0892821575531555
sample_522,-0.6577506900714499,0.22605820709591118,1.5009822690038037,-0.4889170931108581,-0.3550387628049192
sample_523,-0.7215233745133091,0.07686195028057019,-0.20592626059093422,-0.31157201636031084,-0.30865221427738077
sample_524,0.2072440945968983,-0.42168819244741357,1.1064107295496135,-0.2989579560578045,1.4905965617317627
sample_525,-0.14973523441106773,0.21782194426238044,0.6768145938552509,1.274089893343934,-1.3325543235301036
sample_526,0.3304626309058194,1.848436132509954,0.47943498376228066,-0.14214459291636994,-0.691054656993171
sample_527,0.07324976538286254,0.20607488917292138,0.2330352475287618,0.41052274363689906,-0.025340549536240542
sample_528,-0.942793696756219,0.36391131169308455,0.2526788940894531,0.9611259305542148,0.8857087552067395
sample_529,0.42272765804616874,0.6904898449206072,-0.36975802636888555,0.2990594009339362,0.6251895063361492
sample_530,1.318351626162447,-0.3403167416979159,0.4530069706532453,-0.7735967903687365,0.3350036019346039
sample_531,0.6864752495553753,0.7069977676639683,0.5737429400633655,0.9010689307374395,-0.2460820439495771
sample_532,-0.8030419651078292,-0.4822802153315468,-0.49719239601303533,-1.41288009196841,-0.5315374549551315
sample_533,0.7999005471055312,0.12738459013557057,-0.773349974941755,0.36217005717567025,-1.212772022727147
sample_534,0.1498642379119412,0.02551545868709093,-1.3003435564480927,0.16867764158092663,2.519160380291879
sample_535,0.32202812719071333,-0.9900505666909669,-0.03264070356367754,-0.014725584256418733,0.3794683189724868
sample_536,-0.5835153896958415,-0.4933724104995608,-0.6191452051712478,-0.4824611367189478,-0.17223648536838249
sample_537,0.7258333273770636,-0.07073189248805078,0.41453876364172615,-1.2702233677349093,0.7363001191770502
sample_538,0.7650227858886516,0.8386845744943621,-0.24119234666657274,-0.32393820670373624,-0.5181325888038716
sample_539,1.2626114732030271,0.6751006466991558,-0.06307949979765215,-1.6122649093575108,0.18269943764485985
sample_540,0.24234546914274502,-0.4867293006681058,-0.18959498694246912,-0.8046873953148467,-0.055223934718626744
sample_541,0.08927093836680133,0.3062455989463946,-1.1178521307099274,-0.18926624161408329,1.1997365852700863
sample_542,0.681685960446758,-0.5195094587154396,-0.042259809411535953,0.6929104149851029,0.4206115360292113
sample_543,0.6073956061235029,0.5708548201691193,-0.16400238442503812,-1.4733164580742866,0.9265834110253839
sample_544,-0.669581315328693,-0.7397384699650581,0.04533638828721359,-0.22666263185724744,0.828142385935593
sample_545,-0.8489708926490213,-0.0576529461338291,-0.6020092661232939,-0.032291908444783246,-0.980952770602673
sample_546,1.1176929464744907,0.23097294211075758,0.8484478327148077,-0.08381906841760317,-0.5110428313788535
sample_547,0.18702068357111606,-0.00010709497335403828,0.4246656640941757,-0.8810139495935251,-0.23591216062736153
sample_548,-1.067831962035275,-0.7151206367894288,0.0234734532390532,-0.5760483509539442,-0.7637828833328257
sample_549,0.43958833945933373,0.7335620034970243,1.1311032948482305,0.9002833551079197,0.573256408186742
sample_550,0.3688277742326116,-0.16241574933114455,0.22405212360958138,1.3097507220746751,1.2945027569691023
sample_551,-0.7458914978953705,0.5724490544674716,0.6522880611871437,-0.06341998911900004,-0.3546615558004535
sample_552,-0.56997000535859,0.7896111323989166,-0.006031880136177503,0.5523331748661948,0.2298733983473904
sample_553,0.4325020602294416,-0.24511683244035276,-0.9881436870246276,-0.32092513310624865,-1.0568505175034968
sample_554,-0.15194289417666562,-0.4064742183976044,1.2249376167105166,0.3799180560201402,0.5679501670575646
sample_555,1.165682143774713,0.6161185054310869,-0.645199383255397,-0.5775601809350183,0.741151371358818
sample_556,0.6613024020508136,-0.028507263267816163,1.272780816676513,0.45673492202490523,0.030709732828712144
sample_557,-0.8454848682244797,-0.40190180105604223,0.16953513304755946,-0.8247566027992437,0.5365457153275253
sample_558,1.0881292919093077,-0.994008464230254,-0.7994070259447519,1.6065077362130533,-0.6966405009424557
sample_559,0.32555410039344695,0.8324799620322836,0.09449903648075336,-0.12747051950728416,0.19909534575746757
sample_560,-0.1844374540462087,0.3970176604452855,0.20011102879382925,0.43095429649841627,-0.327068875322505
sample_561,0.06781378496628288,0.015981243302866766,-0.7749971335632209,-0.32132267431677025,-0.10335084323213561
sample_562,0.3050941027473238,-0.645331438208946,-0.38383958535362306,-1.0132174349786256,-0.10881716213934256
sample_563,-2.2557380637713345,0.3320606111413309,0.06701336708087674,-0.05960626037186506,-0.01306532961106488
sample_564,-0.4883803553745264,0.894886422924638,-0.9808325698315383,-0.768408059121999,0.2910086933101854
sample_565,-0.2344296343917337,0.2365981356110105,-0.307985039178178,1.5944405746043162,-1.4484989721283572
sample_566,-0.7900148556074059,1.0299778052002408,-0.976069460552879,-0.03759210259757101,0.15023703957946954
sample_567,0.28175291026579574,-0.5962912665892189,0.8813945822995913,0.6138047533561894,-0.41566981088085875
sample_568,-0.2754112335166956,0.5691381911692821,1.0665455176618215,0.5791391956294083,0.44042887588422897
sample_569,1.2786263387406334,-1.168395918370199,0.41055293982076235,1.192162715111157,-0.3357144031364614
sample_570,-0.05094025618083797,-0.7946047962239532,0.3978889889502858,0.48101078990634466,0.7964473059449435
sample_571,1.23564892188908,0.18848647541943064,-0.546902880880521,0.08517349022293258,0.6072333798694323
sample_572,-1.2720414464491907,-0.7985719870853282,0.026566540600857946,1.1743524878150413,-0.4043866503254048
sample_573,-0.4303160853495699,0.4652975730234823,-0.21521937072227515,-1.3206324108788803,0.3111984935135339
sample_574,-1.1007490343354296,0.12125924382210573,0.48173565998749446,-0.3364368815318568,-1.421313113602717
sample_575,-1.9121851127241092,0.5306592957108753,0.17888951151157534,0.3949046231947196,0.4353956988063332
sample_576,0.8951407353800291,0.6490741428100222,1.3709433000645062,0.4461220313705307,0.31553261180226966
sample_577,-0.5722029722332217,-0.7458391579284465,-1.577314101167986,0.027961099423132907,-0.23014056964174734
sample_578,0.8079713464977334,-0.8055941612707367,0.7261530646555677,0.8648502524846853,-0.02077144817446208
sample_579,0.2885126818990503,0.1507843134219109,0.5039038393713261,0.4992689971960573,0.28458542604073633
sample_580,-0.15280219407994167,-0.706796107978411,0.17306461977348603,-1.6795979276184563,0.8526703817086392
sample_581,0.28672960859444807,0.7145197507884313,0.4856155784796013,-0.530450549426786,0.012896430827742833
sample_582,0.2616705362572361,0.5982762326567481,0.36819952069473283,1.1811588927387104,-0.8599009397601605
sample_583,-1.143154993665613,0.5900609170419593,0.25396889113635224,-0.7770105935426275,-0.39122914257260943
sample_584,-0.7612457763659336,1.0853276929078957,1.0072241059149496,0.6850305488673947,0.07630169070199888
sample_585,-1.3454571197479246,0.03401095548813593,-0.5487518663403399,-0.3168427329807528,-1.0227104308628292
sample_586,-0.7286291197825371,0.19499480404058067,-0.851669704686256,1.1339240455628414,0.9194011764316621
sample_587,-0.9557802636289449,-0.6967729660289071,-0.9640638934843522,-0.04883101469867679,0.20490336095215222
sample_588,1.0084693872495072,0.18703408081411632,0.01799793980027764,-0.7352954011334286,0.4619759979349638
sample_589,0.7074086234891946,1.7146852284600587,-0.7917836162821303,-0.4648803848821273,-0.6281628571792187
sample_590,0.024584776040894707,1.3164508371150183,-0.5068968981184945,0.3559272416008166,-0.1540513287348534
sample_591,-0.4132494277237969,0.22544002576221445,0.7524436213918243,0.9215974388089578,-0.012044334150764335
sample_592,1.9636173652365727,1.0179577017836847,0.7821383000168565,-0.8891563157090823,0.25730395230541514
sample_593,-1.0940511371753177,0.5997745291463659,0.22654227854049586,-0.9429537630990432,-0.7639638879069314
sample_594,-0.08034811656840746,-0.15794615527766043,0.9959017182428211,-0.9977015318929683,-0.17864990017269344
sample_595,-1.8489993720752436,0.2698501104114768,-0.350171685688217,1.2285616899736915,0.7557933770821821
sample_596,-0.18642137417528803,-0.5003638437459681,-0.7343190338732579,-0.6372141713914162,0.3048232253877431
sample_597,-0.03800571193639768,-0.7204893065029893,-0.6423726539963506,0.570384617071408,0.16269828088993998
sample_598,0.5789172459076194,0.11292431811821502,-0.7564221864788916,1.0090758082520261,-1.2339662828583373
sample_599,-0.15945871847084547,0.07345679918091241,-0.692088571021134,0.3900461501256,-0.26581548609612277
sample_600,0.1462685396625092,-0.5523338609461456,2.0269087651705826,-0.10409033852531302,-0.36595463761635194
sample_601,-0.7734038653002332,-0.7319120301115563,-0.35039562823424786,-0.5358908144073947,0.6182264186694908
sample_602,1.1487089639851664,0.2719153943786137,-0.1343024853559014,0.9399013727077248,0.06793592783308144
sample_603,0.14966541912147402,0.8116575058099098,-0.5733766473157367,0.7049737249958172,1.3031942497353488
sample_604,-0.4675419854299664,0.3780219382787804,-1.7786404472816952,0.06838833685985529,-1.1343099866520228
sample_605,0.7392477569805164,-0.9311516548126955,0.06568789631122579,-0.3272163369893231,-1.0573542471695874
sample_606,-0.5431977537001255,-0.8163710433484329,1.2432770757649343,-0.6227830141740822,0.18574981471191143
sample_607,1.4755784637922544,0.09671761147485891,-0.45655069940588544,-0.43680676620888476,0.4562111344909865
sample_608,1.0205004837706122,0.5257077953631486,1.0056885320961526,-0.29931215158152635,-0.19931014270859665
sample_609,-1.0253433034810033,-0.15205628820585082,0.9040678912938938,-0.11706028028221854,-0.14777306817781688
sample_610,0.8482507895166187,-0.1807042264453993,-0.5155088767938043,0.4178681739912576,-1.206242562083185
sample_611,0.01104116913156794,-0.007933643618786235,0.8991333713886167,-0.24105992074027102,0.4758088259754807
sample_612,-0.40179288001037394,-0.10101641580666088,-0.7971243078346826,0.5281448563469187,1.238321211628381
sample_613,1.6443740217251404,-0.12237042764486095,1.0038634381535683,-0.9233899861277522,-1.0779288635561475
sample_614,0.3859351905769719,-0.6720293585371122,0.947461129201222,-0.5848824530294786,0.24753754343033818
sample_615,-0.023362924745484515,1.072737632493184,0.25834148310857324,-1.9575607249082794,-0.644476082829208
sample_616,-0.591397458808047,1.0583468622979777,0.13355160348565492,0.03531118545262307,-0.9133978192879544
sample_617,-0.28751898969089107,1.1421639346447339,-0.26391545650408066,-0.6134314035789215,0.7014491291481697
sample_618,-0.7664340805868787,1.8967995730921365,0.42768650762630084,0.6507325095122123,0.06615264614165772
sample_619,0.2576141454804019,0.13516310851024982,-0.348410261071622,0.021649039454734842,0.9448085317150112
sample_620,0.47243414338220924,0.3728366014765494,0.26932915848857797,-0.3093168486112861,0.8934467361236846
sample_621,-0.4617143321936402,0.7969008993775855,-0.06685812982298822,0.8946729798297424,0.6719923029609569
sample_622,0.08278401686476655,0.6076022342239247,-0.579843908649998,-1.1512033915677014,0.4074439626258113
sample_623,0.49107089192315856,-0.042902111037747215,-1.5143100163078633,-0.6313275387305108,-0.7983512339361547
sample_624,-0.2903464128561134,-0.33435367003297534,0.7660129796315736,-1.451411316840086,0.6190982716384661
sample_625,0.05672504919466492,0.1326142501100287,-0.3661659762927796,-0.1430259755789544,-0.4319891955575278
sample_626,-0.2651363572899542,-1.0636565162641731,-0.5336186298511079,-2.0236552168275264,-1.2512505688742859
sample_627,1.1157966739475371,-0.31954961304841273,-1.0146978631159087,0.8675637758888486,0.31839497641710013
sample_628,-0.385691280407905,-0.3315654613540558,0.36377945884539997,-0.14183784425806178,1.1288722780554545
sample_629,-0.12936020208638865,-0.4934639555306953,-0.8104201669858926,-0.9749384903286007,0.4713015924289705
sample_630,0.8660885912099383,-0.34046843905899066,-1.3755934148948,0.14336593473692966,-0.20416986545112759
sample_631,0.1485005583469981,0.06123674659822953,-0.03268635621114413,-0.6147319662643372,-0.039898104058835204
sample_632,-0.4016625046403429,0.4474932272543979,-1.373288101442974,-0.6710612097645743,-1.8783817449615077
sample_633,1.068025243876676,-0.1887268653745764,0.25608097726365026,-1.8123632444156843,1.6769160269534147
sample_634,0.3524332189094395,-0.11720262299885253,-1.5078231020537751,-0.41931084873652635,-0.14663783152521992
sample_635,0.368028603041634,-0.48598928958704124,-0.8991640767086033,0.21118869786127742,-0.07607809808750088
sample_636,-0.36628227207288067,0.6209138559380916,-0.43798488028253224,-0.3702458433669145,0.05021348509847401
sample_637,-1.7740368849827344,0.6391823068837801,-0.7471222127070338,0.5129140864541015,0.21335928046253372
sample_638,0.9107990196779729,0.019891503227597696,-0.1579652035378788,0.56342386215838,0.348668519020507
sample_639,0.5527344408328145,-0.03122549280275866,0.7149369363906402,0.5770445644051583,-1.2088579061904359
sample_640,0.5493506437783988,0.5453283816998131,0.6663712954978567,-0.4720958897664133,0.9437115497777029
sample_641,-0.47964183235813185,0.9260857933759112,0.574439471111597,0.21555795263679428,0.37770534290247526
sample_642,-0.8686164080727509,-0.7538830929955314,-0.6696246475238425,1.1819829329374483,-0.2942391305654053
sample_643,-0.33304473703656956,0.12848542868067803,0.25354567731822764,1.0723291991908939,-0.4055741624664696
sample_644,0.4443516129888839,-0.5037820510092146,0.3735894665659665,0.5371795404650888,-0.7451934889832302
sample_645,-0.20496053864171737,-1.2986250880183965,-0.5226878187398634,-1.0136977616946468,0.6273417471193994
sample_646,0.11792588881509902,1.499035501223133,0.3869867696192124,-0.3225658464042777,-1.2608204657434652
sample_647,2.4003598256019227,-0.817590020654131,0.9464024884575033,-0.4719496412309197,0.34196595818870834
sample_648,-1.300208321155616,0.28859401231830395,-0.5528752366170284,-1.2574761223347817,-0.05981919767135757
sample_649,1.2899383493638379,0.8792138523204209,0.3754976891436833,-0.15572148778561867,0.40409365314481605
sample_650,0.2480500831847215,0.3353045981894769,-0.2269039360841273,0.5646737886035111,-0.13628678798950333
sample_651,1.748559455691085,-0.5431626414589672,1.0470332615438909,-0.2095276730887758,-0.07741927903564638
sample_652,1.4156639676237286,-0.208732085027431,-0.8677371446534756,0.29751136684498997,0.5686570418233694
sample_653,0.1933626271368093,-1.585717780007224,0.30933574173717066,-0.09459690223312006,-1.316143268932392
sample_654,1.291188743687004,-0.36888933800248724,-0.6230038193572953,0.2825621440140719,0.22218217902627013
sample_655,0.769239865572036,-0.8489196944229596,-0.2741958250139206,-0.10062029962842811,0.02374182153161475
sample_656,-0.11036760261978551,-0.41067253101884205,-1.158094565672487,-0.3862567218698296,0.11619653200326141
sample_657,1.1298243855767052,-1.0413780099260987,-0.1075666937157207,-0.8353637534773333,-0.6968270263055246
sample_658,0.4401133523699208,0.19753924220848695,1.4172934917989832,-0.27576412238959713,0.6170225064404766
sample_659,1.3193068082430566,0.9760271033216243,0.8777932475201209,0.4501321828782578,0.4114852787357124
sample_660,0.3113525440616523,0.1702059228116083,-0.38268276918383526,-0.321905569706817,1.1482811096588605
sample_661,1.160167252836164,-0.1735356072419474,0.3479297625977278,0.23128475244282792,-0.17608811776762123
sample_662,0.19838508615345685,0.45230841258693233,-1.6211569462328363,0.4284927182928529,-0.2684924736814004
sample_663,-0.2361639954112359,1.876889716083694,-0.8643832343135498,-0.7521412831948274,-0.676520293392254
sample_664,0.22891140559749867,0.5946692820817221,0.35177965263865096,0.023711751726225416,-0.7084404423528387
sample_665,0.0006082687867275949,0.378385360468364,-1.5586568284561266,0.8539979981875103,-0.17251291870884755
sample_666,-1.0592799322316027,-0.469203851316402,-0.13648953160465827,-0.2862420084807563,1.011944801466659
sample_667,-0.015909588223091964,-0.5865683809917955,0.14796100100594844,0.6596764375246347,-0.33314376613752306
sample_668,0.5378429144482871,-0.6062508675129867,-1.243359756034065,0.5215941856746931,1.1616784647878926
sample_669,0.5284469729317404,-0.11357334456201562,1.2019313547782806,0.27699972328026706,0.5664911939691335
sample_670,-0.7488947470520545,-0.5259728908507539,1.2152756673141536,1.745148016158705,0.8101873622587636
sample_671,-0.36967161113991776,0.8757904519105639,-0.1965802370697587,0.9056005162728382,0.1212332197168342
sample_672,-0.3119085297753754,0.1458902946438303,-0.14275210901508883,0.3272045069513398,0.5041944733331611
sample_673,-1.2365502379050914,0.640418746751777,1.309627661512312,0.7591625592715365,-1.1004211472295105
sample_674,0.14213854903378498,-0.2641626619902723,-1.002827716908688,-0.787768929956842,0.7489618333176984
sample_675,0.6426429413577889,-0.3822196601748295,-0.1263693199064384,-0.16340916322310228,0.8136222125382717
sample_676,-1.0627821926741552,-0.5167321469863841,1.1836013061654675,-0.7844711235340338,-0.762167243957049
sample_677,-0.2799523244336254,1.0097137390350392,0.9241682273936888,-0.5780818256831768,1.2028399539909511
sample_678,-0.15113958514499148,-0.8580851298567126,0.3903495435575769,-0.1473602335791967,0.5031792615877444
sample_679,0.38582230086937574,-0.12003308732569207,0.8384849757171464,-1.2138701444496212,-1.2300252854626263
sample_680,0.04706844420350553,0.7656754366010172,-0.9221169360820429,0.3488839142967805,0.16320525328271107
sample_681,-0.02636956606153995,-0.5041591510745546,0.11314780218829845,1.4135281661780084,0.5299655347834156
sample_682,1.8060128105932893,-0.2795001496666111,-0.12669818786168507,0.6900259037908274,0.5665377814321766
sample_683,0.13570826509262457,0.5739047829703656,-0.7195593927175539,1.1905460178354432,-0.029604240761917144
sample_684,0.15287862935651786,-1.0931675059275867,-1.0485071772452275,-0.5740730111648952,0.4954620526235167
sample_685,-1.5640956594008544,-0.1328630804545331,0.36824929341907164,-0.28210063565434684,0.08517705552155752
sample_686,-0.6885265359119949,0.31136579303915024,-0.5909079312339911,0.9499202814731531,-0.482149618008215
sample_687,-0.7815333573149196,0.24289613138001465,-0.026021739173560876,-0.5213763125563048,1.2666512251766877
sample_688,1.1937019142991159,-1.2184899863199299,0.5441722555955597,-1.2494870781179317,-0.5814788760382962
sample_689,-0.5419532499377956,-0.09483778462957348,-0.7833759999867338,0.1102114759173814,0.4269612067829285
sample_690,-0.6664567026746419,-0.26428571640876797,0.008898013337006905,0.8303601043317983,0.35609747494051613
sample_691,-0.13365892985476346,-0.5617183003729281,-0.8124660186668302,0.6925660474351865,0.6169054294617466
sample_692,0.33429137515375806,-0.14593889673477056,-0.614574036681472,-0.9980967842948925,0.8995481572381325
sample_693,0.3454404593242678,1.2142983654211723,-1.0774910513493468,-0.31752297049049977,-0.29038763182064065
sample_694,-0.6000594762233687,-0.5106524836153076,0.7767049033583879,0.6652396871688917,0.1824174420812451
sample_695,0.21740564996294026,0.6364364096143487,-0.521087886660387,2.48723587257678,-0.21095408875141652
sample_696,-0.5405294782461242,0.4985562528867322,0.5776813728086964,-0.6103889552831648,-1.301162790780391
sample_697,-0.19138645415038302,0.2686577144202107,-0.36776137699814926,0.8859226210829527,0.5963337501273671
sample_698,-1.1980742913374791,-0.6540588218217372,-0.49685436964048924,-0.1942723831387147,-0.04894870975746468
sample_699,-0.8196048784071933,-0.67180975103414,0.8120721148438941,1.01243500471428,-0.3574915082178852
sample_700,-0.06437195274216523,0.44385288219076346,0.06668006461697684,0.5892374622279757,-1.1299641957498516
sample_701,-0.06787478076412468,-0.5503613684307944,0.7043580994264056,-0.9278733829139286,-0.2544880830293492
sample_702,0.6822251862329143,-0.7843948389602218,0.372259885140812,0.023007181047980385,-1.6175022157441332
sample_703,-0.29460279993079475,-0.7728589013996501,0.278304128527587,1.0423876172162005,0.09636931584144204
sample_704,0.033008568046485,0.37269240375148494,0.2121017951632695,1.4669597382349346,-0.6269926083239883
sample_705,0.5756957105664218,-0.6535122345796253,0.005531623905150496,0.04533811695232598,0.19490999642160012
sample_706,-0.8414120391338645,0.36127206284380864,-1.0850871825587967,-1.273859492884438,-0.4830736856078773
sample_707,-0.844364111956008,1.7571331508715287,-1.2655917225958107,0.3447220648094263,-0.6894544553411373
sample_708,-1.0849424658777957,-0.4110442092667431,2.678410948795367,0.8244677134462366,-0.2742091057682614
sample_709,0.8539176200699723,0.20177443606219148,0.4745319408994202,0.6519772265789945,-0.5967020467338535
sample_710,0.8723837855601251,-0.33330271042099324,-0.058225228505218385,0.046628311422737656,-0.7415992400771567
sample_711,0.018189679065403364,-0.18998998233859343,-1.3591193022149188,0.9939528079838269,-0.944683943524978
sample_712,0.1769921553279582,0.11348153887458778,-0.8196777471657617,-0.2506081547998801,-0.42619016291135675
sample_713,0.35057823327584264,1.0408051630334831,-1.516199674429022,-0.042272617700659154,0.9587983947685921
sample_714,-0.33161044914942583,-0.5483248197427945,1.1428681346040497,-0.2283737618172369,-1.1885964371592337
sample_715,-0.41848591942849456,0.6912077505754222,-0.8041874955924659,0.22155987662671411,0.46851744860839317
sample_716,-0.6195896872982362,0.16945078054017704,-0.3474902143458358,-0.6643344646182885,-0.8680751059058145
sample_717,-0.36481871611702854,-0.8186716688483736,0.7083652448215039,1.3023497653348808,-0.5040007774183242
sample_718,-1.0444453337556698,-0.7653775087539413,-0.23857687860222365,-0.06630140370100812,0.28364382254452924
sample_719,0.07081630108977521,0.3120291047597259,-0.10401747222832247,-0.8393859536912107,0.33687910443722924
sample_720,0.47426745466147635,0.2950052626214483,-0.44514788872715094,0.7019710692682879,0.11765656079985076
sample_721,-0.5948662297950481,-1.474161250090536,-1.2643638005250724,0.1207056528092672,-0.8060970521815606
sample_722,-0.21401757938882027,-0.2521052972598558,-0.5902150466795348,-1.4491190839084571,-1.1612103962083378
sample_723,0.12747499610018476,-0.4574953795910856,-0.372553094311711,-0.774893132773022,-1.1002990439002671
sample_724,-1.664477234494417,-0.2235111480481594,-0.04526360244959182,-0.1832304073474006,0.9752898601783648
sample_725,0.4110249514349317,-0.7196607228154006,0.06338975300899846,-0.6218746353735594,-0.16394456819619585
sample_726,-1.5134976528482458,-0.276056295267459,0.9198565241806429,-1.4717881601711946,0.21707038733760775
sample_727,1.3992758561956387,-0.37261827860600605,-0.001651053119560597,1.0597294512405446,-0.02983084339662645
sample_728,0.288308176077796,0.06863130130013473,-1.0380587840271762,0.39859775389834734,-0.1608797579013056
sample_729,1.5501362798020129,-0.28703201124987676,-0.10452062679511409,0.0750075109147807,-0.2112954882097714
sample_730,-0.23717309233436534,0.8436976044692392,0.08161327753251119,1.0783777107182437,-0.568502462804068
sample_731,-1.4642000759499663,-0.6171703633075312,-0.024328006385788137,0.12334529723000781,0.3221313718925026
sample_732,0.6242572523175032,0.5902890926094344,-0.1555546694317126,-0.7307996163847982,0.5712453363276111
sample_733,1.0668942013346454,1.4002313303698304,-0.5612995187441827,-0.5146910788362418,-0.4239710057322742
sample_734,-0.40160290966913015,-0.47479830987988136,-1.4612379194315066,-1.4017215831696581,-0.0871147768918894
sample_735,1.115023030274208,0.005443464254493158,-1.0448416529719107,0.1399000599294145,-0.4688127872152621
sample_736,0.5574483282148653,1.6695403218943121,1.668793476797364,0.7758370006462769,0.10272678387743905
sample_737,-0.7438385982846042,0.70035549915503,0.6360977131925653,-0.03818414416220006,0.09564350213513662
sample_738,-0.831516299429825,-0.4204467171456985,-0.6183650992122067,-0.46265381048782983,-0.8310291137412762
sample_739,-0.10400235273102221,0.8986782910186721,0.22514001979186693,0.519332435969692,-0.5388077588994246
sample_740,-0.524115380004594,1.2600728187909715,0.17813177798694324,-1.9056906589023668,0.1194935506529804
sample_741,0.6756044671932688,0.8437190886003965,-1.3509179017362631,-0.7188425491187589,0.6682045316690273
sample_742,0.6008356446734,-0.5567215896706785,-0.4743419847529239,-0.42549364279717083,0.0441158889941633
sample_743,0.7503782714570283,-0.5307894159454465,0.1865161925393874,0.3680337966760347,-0.5656976357524923
sample_744,-0.1780644248153036,-0.024734877957874435,0.7784245122127957,0.6095811644913174,-0.5486724309871083
sample_745,1.3035507210784765,1.5739609285564335,-0.1760763050189027,0.6282629287978432,0.6278809423132596
sample_746,-0.8109459275318481,0.6575818002190563,-0.053802388887085884,-0.1593258799432135,0.15128056874075868
sample_747,0.7686775959714499,1.1344816909183302,0.062413050374369006,1.0431683192271246,0.1264275058380877
sample_748,0.3327038230699172,-0.3811697107958697,-0.221116196744244,-1.0589331455500408,0.36230011080020263
sample_749,-0.397587862727636,-0.4062589208677492,0.16888909162669813,0.27023308336066115,-0.5161834000414139
sample_750,-1.0704799662649611,-1.088121118289942,-0.12339982986211584,1.7244266661570595,0.6143280792381842
sample_751,-0.07670609886192514,-0.1742150573060448,1.3233264212259659,-1.1546860278665105,-0.623986642460193
sample_752,0.564708387336233,-0.683298242360025,-0.28964493311759687,0.5823300248360923,-0.6899577474037495
sample_753,0.5377841396496106,-0.5808199578114885,-0.24247414930188338,0.4058146604860949,-0.03780484413126972
sample_754,0.5526624792458643,0.21552303144481022,1.207892107616733,-0.9112069694710515,-0.04843272598918369
sample_755,0.004595736400540784,-1.0946748966337616,0.28552134104931426,0.18610875965203139,0.3146982286866016
sample_756,0.7544136655904029,-0.6379510751249494,-0.6263336416457006,0.5606424024056638,-2.2242496733546484
sample_757,-1.1118448729807517,0.35675123414515086,0.9539568527492869,1.0620443983679886,-1.0588810993215225
sample_758,-2.1261689658344305,-0.5304106377584757,-1.736668207603348,-0.1366944123534629,-0.17703157609007036
sample_759,-0.23060039226886297,0.33656933224175667,1.4020618331858468,-0.6954487477770311,-0.45578697340680224
sample_760,0.7269757447568547,-0.5299377612396259,-0.14956897608001174,-1.0537774818342533,-0.48951239156966875
sample_761,-0.06499259670346524,0.36552439322721764,-0.45607196945573725,-0.32162538346309116,0.501714530440287
sample_762,0.6047713699467868,-0.21318231751524352,-0.08592423875438104,0.44509276820561267,-1.0022884822793126
sample_763,-0.007109483038482356,-0.6266880918196609,0.6097914129793657,0.16659655304998883,-1.3562387822443884
sample_764,0.33465336884712454,0.2710757426652648,-0.1713416182550177,-0.6198398950743095,-1.583869239118162
sample_765,-0.7613967047772291,-0.4275293305111992,-0.5877470050957148,0.7795122813944031,0.3296851620702581
sample_766,0.035695092661313765,2.0682762948183497,0.45553979079720874,-1.6257544647827287,0.9623467773485981
sample_767,1.271850205095732,0.40864098116406655,-0.6467343193127384,0.1418178086830943,0.14868492901626396
sample_768,-1.122969327211556,0.028081304330192847,1.2354582700858452,-1.0261949198569424,1.6812387428065423
